"","Df","SumOfSqs","R2","F","Pr(>F)"
"Model",45,21.2712415955382,0.55913813014114,1.32465235401267,0.001
"Residual",47,16.7716684635,0.44086186985886,NA,NA
"Total",92,38.0429100590383,1,NA,NA
